,language,position,gender_tuned,income_level,price
0,Thai,18,female,7806.742211,18
1,Thai,5,female,7806.742211,18
2,Thai,4,female,7806.742211,24
3,Thai,16,female,7806.742211,15
4,Thai,11,female,7806.742211,18
5,Thai,3,male,7806.742211,15
6,Thai,19,female,7806.742211,15
7,Thai,10,female,10261.67925,21
8,Thai,7,female,7806.742211,0
9,Thai,6,male,42330.11754,21
10,Thai,15,female,7806.742211,15
11,Thai,9,female,7806.742211,18
12,Thai,14,female,7806.742211,21
13,Thai,13,female,7806.742211,15
14,Thai,17,female,7806.742211,21
15,German,21,female,46445.2491,39
16,German,59,female,46445.2491,27
17,German,35,female,46445.2491,30
18,German,18,male,46445.2491,33
19,German,75,male,46445.2491,21
20,German,28,female,46445.2491,0
21,German,56,male,46445.2491,36
22,German,42,male,46445.2491,24
23,German,73,female,46445.2491,45
24,German,2,male,46445.2491,33
25,German,69,female,50137.66278,36
26,German,23,male,46445.2491,0
27,German,5,female,46445.2491,30
28,German,24,male,46445.2491,27
29,German,48,male,46445.2491,27
30,German,1,female,46445.2491,39
31,German,52,female,46445.2491,48
32,German,4,female,46445.2491,30
33,German,36,female,46445.2491,0
34,German,66,female,46445.2491,60
35,German,50,male,46445.2491,15
36,German,26,male,65297.51751,24
37,German,54,female,65297.51751,30
38,German,62,female,11584.99538,36
39,German,49,male,46445.2491,36
40,German,31,male,46445.2491,39
41,German,60,male,42330.11754,21
42,German,61,male,46445.2491,33
43,German,27,female,50137.66278,30
44,German,67,female,46445.2491,48
45,German,16,male,46445.2491,42
46,German,47,male,46445.2491,39
47,German,11,male,50137.66278,33
48,German,8,female,46445.2491,30
49,German,43,male,46445.2491,9
50,German,19,female,65297.51751,39
51,German,33,female,46445.2491,24
52,German,38,male,46445.2491,21
53,German,10,male,46445.2491,27
54,German,45,male,46445.2491,30
55,German,72,male,46445.2491,27
56,German,22,female,46445.2491,45
57,German,34,female,65297.51751,24
58,German,55,male,46445.2491,36
59,German,51,male,46445.2491,36
60,German,57,female,50137.66278,24
61,German,20,male,46445.2491,48
62,German,71,female,46445.2491,27
63,German,7,female,46445.2491,0
64,German,40,male,46445.2491,30
65,German,6,male,46445.2491,0
66,German,15,female,46445.2491,30
67,German,58,female,46445.2491,45
68,German,65,male,46445.2491,30
69,German,25,female,46445.2491,39
70,German,70,male,46445.2491,24
71,German,39,male,46445.2491,0
72,German,37,male,46445.2491,27
73,German,44,female,46445.2491,24
74,German,68,female,46445.2491,30
75,German,63,female,46445.2491,30
76,German,64,female,46445.2491,42
77,German,9,female,46445.2491,0
78,German,14,female,46445.2491,39
79,German,13,male,46445.2491,33
80,German,32,female,46445.2491,51
81,German,41,female,46445.2491,51
82,German,46,female,46445.2491,33
83,German,29,male,46445.2491,24
84,German,17,male,19266.2755,27
85,German,53,male,46445.2491,18
86,German,74,female,46445.2491,33
87,German,30,male,46445.2491,33
88,Portuguese,21,female,8717.186278,24
89,Portuguese,18,female,8717.186278,12
90,Portuguese,73,female,8717.186278,18
91,Portuguese,83,female,23252.05852,21
92,Portuguese,23,male,23252.05852,18
93,Portuguese,24,male,8717.186278,12
94,Portuguese,77,male,8717.186278,21
95,Portuguese,89,female,8717.186278,9
96,Portuguese,11,female,8717.186278,18
97,Portuguese,80,male,23252.05852,21
98,Portuguese,34,female,23252.05852,15
99,Portuguese,76,male,8717.186278,21
100,Portuguese,6,male,8717.186278,18
101,Portuguese,58,female,8717.186278,15
102,Portuguese,81,female,65297.51751,18
103,Portuguese,13,female,8717.186278,9
104,Portuguese,29,female,8717.186278,18
105,Portuguese,12,female,8717.186278,12
106,Portuguese,53,female,8717.186278,9
107,Portuguese,35,male,8717.186278,9
108,Portuguese,56,female,8717.186278,12
109,Portuguese,36,male,23252.05852,18
110,Portuguese,66,male,8717.186278,9
111,Portuguese,67,female,8717.186278,24
112,Portuguese,49,female,23252.05852,12
113,Portuguese,8,female,8717.186278,12
114,Portuguese,3,male,8717.186278,9
115,Portuguese,38,female,8717.186278,12
116,Portuguese,57,female,8717.186278,21
117,Portuguese,88,female,23252.05852,15
118,Portuguese,7,male,23252.05852,30
119,Portuguese,15,male,8717.186278,24
120,Portuguese,9,male,8717.186278,15
121,Portuguese,32,female,8717.186278,9
122,Portuguese,26,female,8717.186278,15
123,Portuguese,62,male,8717.186278,12
124,Portuguese,31,female,8717.186278,9
125,Portuguese,27,female,8717.186278,12
126,Portuguese,47,female,8717.186278,36
127,Portuguese,43,female,8717.186278,18
128,Portuguese,19,female,8717.186278,12
129,Portuguese,33,male,8717.186278,15
130,Portuguese,10,female,8717.186278,21
131,Portuguese,72,male,8717.186278,9
132,Portuguese,22,female,8717.186278,12
133,Portuguese,51,male,8717.186278,18
134,Portuguese,20,female,23252.05852,18
135,Portuguese,71,male,23252.05852,24
136,Portuguese,82,male,8717.186278,12
137,Portuguese,65,female,8717.186278,12
138,Portuguese,78,female,8717.186278,30
139,Portuguese,84,female,8717.186278,21
140,Portuguese,85,female,23252.05852,21
141,Portuguese,14,female,8717.186278,18
142,Portuguese,46,female,23252.05852,24
143,Portuguese,74,female,8717.186278,15
144,Portuguese,30,male,8717.186278,15
145,Portuguese,59,male,8717.186278,9
146,Portuguese,75,male,8717.186278,6
147,Portuguese,28,male,8717.186278,12
148,Portuguese,42,male,8717.186278,12
149,Portuguese,2,female,8717.186278,15
150,Portuguese,69,female,8717.186278,9
151,Portuguese,5,female,8717.186278,9
152,Portuguese,1,female,23252.05852,21
153,Portuguese,48,female,33228.23668,21
154,Portuguese,52,female,8717.186278,15
155,Portuguese,4,female,8717.186278,21
156,Portuguese,50,female,8717.186278,15
157,Portuguese,54,female,8717.186278,18
158,Portuguese,70,male,8717.186278,18
159,Portuguese,60,male,8717.186278,18
160,Portuguese,61,female,23252.05852,15
161,Portuguese,16,female,23252.05852,24
162,Portuguese,87,female,23252.05852,21
163,Portuguese,86,female,8717.186278,21
164,Portuguese,79,female,8717.186278,15
165,Portuguese,55,female,8717.186278,15
166,Portuguese,25,male,8717.186278,18
167,Portuguese,39,male,8717.186278,6
168,Portuguese,37,female,8717.186278,9
169,Portuguese,44,male,8717.186278,18
170,Portuguese,68,female,23252.05852,18
171,Portuguese,64,female,8717.186278,15
172,Portuguese,41,female,8717.186278,18
173,Portuguese,17,female,8717.186278,15
174,Hebrew,9,female,43592.08358,36
175,Hebrew,2,female,43592.08358,45
176,Hebrew,8,female,43592.08358,36
177,Hebrew,3,female,43592.08358,42
178,Hebrew,7,female,43592.08358,30
179,Hebrew,6,female,16054.5,15
180,Hebrew,5,female,43592.08358,48
181,Hebrew,1,male,43592.08358,48
182,Hebrew,10,female,43592.08358,36
183,Hebrew,4,male,65297.51751,24
184,Hindi,9,female,2099.599048,12
185,Hindi,14,female,2099.599048,21
186,Hindi,2,female,65297.51751,21
187,Hindi,13,female,2099.599048,15
188,Hindi,11,male,2099.599048,18
189,Hindi,8,female,2099.599048,9
190,Hindi,12,male,2099.599048,30
191,Hindi,3,female,2099.599048,21
192,Hindi,7,male,2099.599048,18
193,Hindi,6,female,2099.599048,18
194,Hindi,15,male,2099.599048,15
195,Hindi,5,male,2099.599048,15
196,Hindi,1,male,2099.599048,15
197,Hindi,10,male,2099.599048,9
198,Hindi,4,male,2099.599048,15
199,Romanian,9,male,12919.52964,18
200,Romanian,2,female,12919.52964,30
201,Romanian,13,female,12919.52964,27
202,Romanian,11,female,12919.52964,30
203,Romanian,8,female,12919.52964,21
204,Romanian,3,female,4503.516985,27
205,Romanian,12,male,65297.51751,18
206,Romanian,7,female,12919.52964,30
207,Romanian,6,male,12919.52964,21
208,Romanian,5,female,4503.516985,15
209,Romanian,1,female,12919.52964,27
210,Romanian,10,female,12919.52964,33
211,Romanian,4,female,12919.52964,18
212,Persian,21,male,5550.060957,12
213,Persian,18,male,65297.51751,15
214,Persian,2,female,5550.060957,39
215,Persian,23,male,5550.060957,39
216,Persian,5,female,5550.060957,24
217,Persian,1,female,46445.2491,18
218,Persian,4,male,5550.060957,6
219,Persian,16,female,4697.704576,21
220,Persian,11,female,5550.060957,12
221,Persian,8,female,5550.060957,15
222,Persian,3,male,5550.060957,27
223,Persian,19,female,65297.51751,24
224,Persian,10,female,5550.060957,15
225,Persian,22,female,5550.060957,12
226,Persian,20,male,5550.060957,15
227,Persian,7,female,5550.060957,9
228,Persian,6,female,4697.704576,9
229,Persian,15,female,65297.51751,18
230,Persian,9,female,5550.060957,15
231,Persian,14,female,5550.060957,9
232,Persian,13,female,5550.060957,15
233,Persian,17,female,5550.060957,30
234,Persian,12,female,5550.060957,12
235,Dutch,18,female,52331.31673,18
236,Dutch,16,male,52331.31673,27
237,Dutch,9,female,46420.66377,27
238,Dutch,14,male,46420.66377,15
239,Dutch,2,female,52331.31673,21
240,Dutch,13,male,52331.31673,27
241,Dutch,11,female,46420.66377,24
242,Dutch,8,male,46420.66377,18
243,Dutch,12,male,46420.66377,27
244,Dutch,3,female,52331.31673,36
245,Dutch,7,male,46420.66377,36
246,Dutch,6,male,52331.31673,15
247,Dutch,15,female,52331.31673,39
248,Dutch,5,female,46420.66377,30
249,Dutch,1,female,46420.66377,39
250,Dutch,10,female,46420.66377,0
251,Dutch,17,female,46420.66377,39
252,Dutch,4,male,52331.31673,0
253,Indonesian,18,male,4135.569263,9
254,Indonesian,9,female,4135.569263,12
255,Indonesian,14,male,4135.569263,9
256,Indonesian,2,male,4135.569263,9
257,Indonesian,13,female,4135.569263,12
258,Indonesian,11,female,4135.569263,9
259,Indonesian,8,male,4135.569263,9
260,Indonesian,12,female,4135.569263,9
261,Indonesian,3,female,4135.569263,9
262,Indonesian,7,female,4135.569263,15
263,Indonesian,6,female,4135.569263,6
264,Indonesian,15,female,4135.569263,12
265,Indonesian,5,female,4135.569263,12
266,Indonesian,1,female,4135.569263,18
267,Indonesian,10,female,4135.569263,9
268,Indonesian,17,male,4135.569263,24
269,Indonesian,4,female,4135.569263,12
270,Italian,21,female,33228.23668,21
271,Italian,18,male,33228.23668,9
272,Italian,94,male,33228.23668,24
273,Italian,130,female,33228.23668,69
274,Italian,121,male,33228.23668,24
275,Italian,105,female,33228.23668,21
276,Italian,73,male,33228.23668,9
277,Italian,83,female,33228.23668,15
278,Italian,23,female,33228.23668,33
279,Italian,24,female,29820.60325,30
280,Italian,77,female,33228.23668,21
281,Italian,139,male,33228.23668,12
282,Italian,107,female,33228.23668,21
283,Italian,122,female,33228.23668,33
284,Italian,124,female,33228.23668,24
285,Italian,89,female,33228.23668,24
286,Italian,11,female,33228.23668,15
287,Italian,80,male,33228.23668,12
288,Italian,127,female,33228.23668,27
289,Italian,34,male,33228.23668,24
290,Italian,129,female,33228.23668,0
291,Italian,90,female,33228.23668,21
292,Italian,128,male,33228.23668,24
293,Italian,120,male,33228.23668,21
294,Italian,116,female,33228.23668,18
295,Italian,103,female,33228.23668,24
296,Italian,76,female,33228.23668,12
297,Italian,118,female,33228.23668,18
298,Italian,40,female,33228.23668,51
299,Italian,113,female,33228.23668,21
300,Italian,6,female,33228.23668,0
301,Italian,58,female,33228.23668,18
302,Italian,110,female,33228.23668,45
303,Italian,112,female,33228.23668,12
304,Italian,142,male,33228.23668,21
305,Italian,81,male,33228.23668,21
306,Italian,13,male,33228.23668,18
307,Italian,145,female,33228.23668,24
308,Italian,95,male,33228.23668,36
309,Italian,29,female,33228.23668,18
310,Italian,12,male,33228.23668,18
311,Italian,109,female,33228.23668,30
312,Italian,53,female,33228.23668,24
313,Italian,144,female,33228.23668,15
314,Italian,35,female,33228.23668,39
315,Italian,56,female,33228.23668,51
316,Italian,136,male,33228.23668,18
317,Italian,138,female,33228.23668,33
318,Italian,132,female,33228.23668,12
319,Italian,96,female,33228.23668,15
320,Italian,36,female,33228.23668,27
321,Italian,66,male,33228.23668,18
322,Italian,67,female,33228.23668,30
323,Italian,49,female,33228.23668,12
324,Italian,100,female,33228.23668,18
325,Italian,125,female,33228.23668,12
326,Italian,3,female,33228.23668,24
327,Italian,8,female,33228.23668,27
328,Italian,133,female,33228.23668,12
329,Italian,38,female,33228.23668,18
330,Italian,57,female,33228.23668,12
331,Italian,101,female,33228.23668,21
332,Italian,88,male,33228.23668,21
333,Italian,134,female,33228.23668,21
334,Italian,7,female,33228.23668,15
335,Italian,15,female,33228.23668,18
336,Italian,98,female,33228.23668,18
337,Italian,9,male,33228.23668,18
338,Italian,32,female,33228.23668,24
339,Italian,135,female,33228.23668,12
340,Italian,108,female,33228.23668,18
341,Italian,104,female,33228.23668,18
342,Italian,141,male,33228.23668,27
343,Italian,106,male,33228.23668,15
344,Italian,140,female,33228.23668,15
345,Italian,26,female,33228.23668,12
346,Italian,62,male,33228.23668,21
347,Italian,31,female,33228.23668,0
348,Italian,27,female,33228.23668,12
349,Italian,111,male,33228.23668,9
350,Italian,47,female,33228.23668,18
351,Italian,43,female,33228.23668,39
352,Italian,19,female,33228.23668,18
353,Italian,33,female,33228.23668,30
354,Italian,10,male,33228.23668,21
355,Italian,45,male,33228.23668,24
356,Italian,72,female,33228.23668,18
357,Italian,22,male,33228.23668,15
358,Italian,131,female,33228.23668,18
359,Italian,91,female,33228.23668,15
360,Italian,143,female,33228.23668,18
361,Italian,51,male,33228.23668,9
362,Italian,20,female,33228.23668,21
363,Italian,71,female,33228.23668,12
364,Italian,82,female,33228.23668,33
365,Italian,65,male,33228.23668,24
366,Italian,78,female,33228.23668,18
367,Italian,119,female,33228.23668,9
368,Italian,85,female,33228.23668,15
369,Italian,84,female,9912.281809,18
370,Italian,137,female,33228.23668,0
371,Italian,63,female,33228.23668,24
372,Italian,14,male,33228.23668,18
373,Italian,46,female,33228.23668,12
374,Italian,114,female,33228.23668,24
375,Italian,74,female,33228.23668,24
376,Italian,30,male,33228.23668,21
377,Italian,59,male,33228.23668,21
378,Italian,75,female,33228.23668,15
379,Italian,28,female,33228.23668,15
380,Italian,42,male,33228.23668,18
381,Italian,123,male,33228.23668,21
382,Italian,2,female,33228.23668,15
383,Italian,69,female,33228.23668,24
384,Italian,5,male,33228.23668,30
385,Italian,1,female,33228.23668,21
386,Italian,48,male,33228.23668,18
387,Italian,52,female,33228.23668,27
388,Italian,4,female,33228.23668,21
389,Italian,50,female,33228.23668,21
390,Italian,54,female,33228.23668,12
391,Italian,70,male,33228.23668,21
392,Italian,60,female,33228.23668,0
393,Italian,61,male,33228.23668,36
394,Italian,16,female,33228.23668,0
395,Italian,99,female,33228.23668,24
396,Italian,87,female,33228.23668,21
397,Italian,115,female,33228.23668,18
398,Italian,86,female,33228.23668,18
399,Italian,102,female,33228.23668,15
400,Italian,79,male,33228.23668,15
401,Italian,55,male,33228.23668,15
402,Italian,97,female,33228.23668,21
403,Italian,117,female,33228.23668,18
404,Italian,93,male,33228.23668,15
405,Italian,25,female,33228.23668,27
406,Italian,39,male,33228.23668,18
407,Italian,37,female,33228.23668,30
408,Italian,44,male,33228.23668,9
409,Italian,68,female,33228.23668,21
410,Italian,126,female,33228.23668,30
411,Italian,64,female,33228.23668,21
412,Italian,41,female,33228.23668,18
413,Italian,17,female,33228.23668,21
414,Italian,92,male,33228.23668,15
415,Russian,21,female,6663.295293,18
416,Russian,18,female,11584.99538,12
417,Russian,94,female,11584.99538,12
418,Russian,73,male,11584.99538,15
419,Russian,83,male,11584.99538,9
420,Russian,23,female,3659.031312,15
421,Russian,24,female,11584.99538,33
422,Russian,77,female,11584.99538,15
423,Russian,89,female,11584.99538,18
424,Russian,11,female,65297.51751,9
425,Russian,80,female,6663.295293,15
426,Russian,34,female,3659.031312,15
427,Russian,90,male,11584.99538,9
428,Russian,76,female,11584.99538,15
429,Russian,40,female,4697.704576,12
430,Russian,6,female,11584.99538,24
431,Russian,58,female,6663.295293,27
432,Russian,81,female,11584.99538,42
433,Russian,13,female,3659.031312,0
434,Russian,95,female,11584.99538,15
435,Russian,29,male,11584.99538,12
436,Russian,12,female,11584.99538,21
437,Russian,53,female,11584.99538,21
438,Russian,35,female,11584.99538,21
439,Russian,56,female,11584.99538,15
440,Russian,96,female,11584.99538,15
441,Russian,36,female,11584.99538,18
442,Russian,66,female,11584.99538,15
443,Russian,67,female,11584.99538,9
444,Russian,49,female,11584.99538,15
445,Russian,8,female,11584.99538,9
446,Russian,3,male,4622.733493,15
447,Russian,38,female,11584.99538,21
448,Russian,57,male,6663.295293,15
449,Russian,88,female,11584.99538,15
450,Russian,7,female,11584.99538,9
451,Russian,15,female,11584.99538,12
452,Russian,98,female,9812.390376,12
453,Russian,9,female,11584.99538,18
454,Russian,32,female,11584.99538,39
455,Russian,26,female,11584.99538,12
456,Russian,62,female,11584.99538,30
457,Russian,31,female,3659.031312,9
458,Russian,27,female,11584.99538,9
459,Russian,47,male,11584.99538,0
460,Russian,43,female,3659.031312,6
461,Russian,19,female,11584.99538,18
462,Russian,33,female,11584.99538,12
463,Russian,45,female,11584.99538,21
464,Russian,72,female,11584.99538,18
465,Russian,22,female,11584.99538,12
466,Russian,91,female,11584.99538,24
467,Russian,51,female,6663.295293,12
468,Russian,20,male,11584.99538,18
469,Russian,71,female,11584.99538,15
470,Russian,82,female,3659.031312,18
471,Russian,65,female,11584.99538,18
472,Russian,78,female,11584.99538,0
473,Russian,84,female,11584.99538,12
474,Russian,85,female,11584.99538,21
475,Russian,63,male,11584.99538,0
476,Russian,14,female,11584.99538,9
477,Russian,46,female,11584.99538,15
478,Russian,74,female,11584.99538,12
479,Russian,30,female,11584.99538,21
480,Russian,59,female,11584.99538,15
481,Russian,75,female,11584.99538,18
482,Russian,42,female,3659.031312,15
483,Russian,2,male,3659.031312,21
484,Russian,69,female,3659.031312,15
485,Russian,5,female,11584.99538,0
486,Russian,1,female,11584.99538,18
487,Russian,48,female,11584.99538,15
488,Russian,52,female,11584.99538,12
489,Russian,4,female,11584.99538,12
490,Russian,50,female,11584.99538,15
491,Russian,54,female,3659.031312,24
492,Russian,70,female,11584.99538,18
493,Russian,60,female,11584.99538,9
494,Russian,61,female,11584.99538,9
495,Russian,16,male,11584.99538,21
496,Russian,87,male,11584.99538,15
497,Russian,86,female,11584.99538,39
498,Russian,79,female,11584.99538,9
499,Russian,55,male,3659.031312,12
500,Russian,97,female,11584.99538,15
501,Russian,93,male,11584.99538,15
502,Russian,25,female,11584.99538,15
503,Russian,39,female,11584.99538,0
504,Russian,37,female,11584.99538,9
505,Russian,44,female,11584.99538,15
506,Russian,68,male,11584.99538,15
507,Russian,64,female,11584.99538,18
508,Russian,41,female,11584.99538,6
509,Russian,17,male,11584.99538,18
510,Russian,92,female,3659.031312,15
511,Greek,21,female,19582.53598,30
512,Greek,18,female,19582.53598,36
513,Greek,2,female,65297.51751,18
514,Greek,23,female,19582.53598,24
515,Greek,5,female,19582.53598,21
516,Greek,1,female,19582.53598,24
517,Greek,4,female,19582.53598,27
518,Greek,16,female,19582.53598,33
519,Greek,11,male,19582.53598,24
520,Greek,8,female,19582.53598,21
521,Greek,3,male,19582.53598,30
522,Greek,19,female,19582.53598,45
523,Greek,10,female,19582.53598,24
524,Greek,22,female,19582.53598,24
525,Greek,20,male,19582.53598,24
526,Greek,7,female,19582.53598,18
527,Greek,6,female,19582.53598,30
528,Greek,15,female,19582.53598,30
529,Greek,9,female,19582.53598,30
530,Greek,14,female,19582.53598,24
531,Greek,13,female,19582.53598,27
532,Greek,17,male,19582.53598,33
533,Greek,12,female,19582.53598,24
534,English,185,male,42330.11754,33
535,English,431,male,65297.51751,39
536,English,198,female,65297.51751,21
537,English,94,female,42330.11754,24
538,English,224,female,42330.11754,27
539,English,73,male,65297.51751,12
540,English,291,female,65297.51751,24
541,English,369,female,65297.51751,12
542,English,244,female,65297.51751,21
543,English,304,male,65297.51751,15
544,English,124,male,6001.400814,9
545,English,318,female,6001.400814,12
546,English,341,male,42330.11754,21
547,English,393,male,42084.35337,24
548,English,381,female,65297.51751,33
549,English,160,female,65297.51751,21
550,English,120,female,6001.400814,15
551,English,118,female,65297.51751,21
552,English,275,female,46194.72523,21
553,English,362,female,3485.084218,21
554,English,13,male,42330.11754,18
555,English,145,male,46194.72523,24
556,English,12,female,42330.11754,30
557,English,261,female,42330.11754,36
558,English,35,male,42330.11754,18
559,English,136,female,42330.11754,33
560,English,358,female,6001.400814,12
561,English,245,female,6001.400814,18
562,English,366,male,42330.11754,15
563,English,132,male,42330.11754,0
564,English,421,male,42330.11754,21
565,English,36,female,65297.51751,15
566,English,197,female,42330.11754,27
567,English,426,female,65297.51751,24
568,English,100,male,42330.11754,24
569,English,171,female,6001.400814,12
570,English,150,female,65297.51751,21
571,English,250,female,65297.51751,27
572,English,38,male,65297.51751,27
573,English,337,female,46194.72523,21
574,English,149,female,2099.599048,15
575,English,227,female,3019.205829,12
576,English,219,female,65297.51751,36
577,English,357,female,65297.51751,12
578,English,152,female,42330.11754,30
579,English,388,female,65297.51751,18
580,English,378,male,65297.51751,21
581,English,438,female,65297.51751,21
582,English,314,female,6001.400814,9
583,English,254,female,65297.51751,18
584,English,287,male,65297.51751,15
585,English,218,female,42330.11754,27
586,English,375,male,42330.11754,30
587,English,440,female,46194.72523,21
588,English,363,female,42330.11754,15
589,English,298,male,42330.11754,24
590,English,294,male,65297.51751,18
591,English,111,female,65297.51751,18
592,English,286,male,65297.51751,21
593,English,91,male,6001.400814,9
594,English,323,female,42330.11754,24
595,English,391,female,6001.400814,24
596,English,405,female,65297.51751,54
597,English,441,female,42330.11754,36
598,English,316,female,78660.95646,33
599,English,188,female,6001.400814,12
600,English,119,male,46194.72523,21
601,English,229,male,42330.11754,21
602,English,137,female,65297.51751,24
603,English,14,male,42330.11754,24
604,English,264,female,42330.11754,18
605,English,435,male,42330.11754,15
606,English,30,female,42330.11754,30
607,English,432,female,6001.400814,12
608,English,402,male,42330.11754,18
609,English,408,female,42330.11754,24
610,English,327,female,42330.11754,18
611,English,210,male,65297.51751,6
612,English,279,female,65297.51751,15
613,English,400,female,65297.51751,24
614,English,288,female,5582.263778,24
615,English,295,female,42330.11754,24
616,English,52,male,2099.599048,15
617,English,4,female,46194.72523,18
618,English,376,female,65297.51751,21
619,English,300,male,42330.11754,24
620,English,321,male,42330.11754,18
621,English,446,male,65297.51751,12
622,English,87,female,65297.51751,18
623,English,406,female,42084.35337,0
624,English,401,female,42330.11754,21
625,English,102,female,42330.11754,24
626,English,296,male,65297.51751,21
627,English,55,male,42330.11754,24
628,English,180,female,42330.11754,24
629,English,117,male,42330.11754,24
630,English,97,male,65297.51751,24
631,English,429,female,42330.11754,39
632,English,270,male,65297.51751,24
633,English,379,male,65297.51751,18
634,English,371,male,42330.11754,30
635,English,25,male,42330.11754,39
636,English,199,female,6001.400814,12
637,English,313,male,6001.400814,12
638,English,348,male,42330.11754,48
639,English,247,male,65297.51751,27
640,English,121,female,6001.400814,15
641,English,192,male,65297.51751,21
642,English,367,female,65297.51751,30
643,English,23,male,6001.400814,15
644,English,322,male,33228.23668,15
645,English,24,female,65297.51751,21
646,English,394,male,42330.11754,18
647,English,364,male,42330.11754,18
648,English,170,male,65297.51751,12
649,English,80,male,65297.51751,18
650,English,403,male,42330.11754,24
651,English,285,female,65297.51751,18
652,English,267,male,42330.11754,30
653,English,177,male,65297.51751,12
654,English,253,female,65297.51751,39
655,English,129,male,42330.11754,24
656,English,90,female,46194.72523,27
657,English,76,female,65297.51751,24
658,English,40,female,65297.51751,18
659,English,193,male,65297.51751,15
660,English,226,male,42330.11754,18
661,English,110,female,65297.51751,18
662,English,164,male,78660.95646,21
663,English,233,male,42330.11754,39
664,English,112,male,65297.51751,12
665,English,265,male,65297.51751,27
666,English,231,male,42330.11754,18
667,English,319,male,65297.51751,18
668,English,338,female,6001.400814,15
669,English,220,male,42330.11754,15
670,English,95,female,65297.51751,36
671,English,251,male,6001.400814,24
672,English,138,female,65297.51751,27
673,English,385,female,6001.400814,9
674,English,184,female,65297.51751,18
675,English,334,male,65297.51751,0
676,English,66,female,65297.51751,27
677,English,297,male,42330.11754,15
678,English,417,female,55060.3261,0
679,English,146,male,42330.11754,18
680,English,418,female,65297.51751,27
681,English,268,female,65297.51751,24
682,English,302,female,65297.51751,18
683,English,153,female,65297.51751,15
684,English,15,female,6001.400814,12
685,English,9,female,65297.51751,24
686,English,410,male,42330.11754,15
687,English,333,female,65297.51751,39
688,English,104,male,65297.51751,45
689,English,141,male,6001.400814,9
690,English,215,male,42330.11754,24
691,English,398,female,42330.11754,42
692,English,413,male,46194.72523,24
693,English,205,male,42330.11754,0
694,English,26,male,65297.51751,18
695,English,62,male,17397.98176,24
696,English,373,female,42330.11754,24
697,English,31,male,42330.11754,15
698,English,336,male,42330.11754,12
699,English,411,female,6001.400814,9
700,English,217,female,65297.51751,21
701,English,415,male,46194.72523,24
702,English,19,female,46194.72523,45
703,English,131,female,65297.51751,30
704,English,399,male,46194.72523,21
705,English,368,male,65297.51751,18
706,English,273,male,42330.11754,27
707,English,412,male,65297.51751,18
708,English,236,female,78660.95646,27
709,English,78,female,46194.72523,24
710,English,263,female,65297.51751,15
711,English,249,male,42330.11754,21
712,English,392,male,42330.11754,27
713,English,342,female,42330.11754,18
714,English,442,male,42330.11754,18
715,English,59,male,65297.51751,21
716,English,75,male,42330.11754,0
717,English,28,female,65297.51751,36
718,English,42,male,42330.11754,24
719,English,274,male,6001.400814,18
720,English,397,female,65297.51751,18
721,English,310,female,55060.3261,15
722,English,280,female,6001.400814,21
723,English,328,female,46194.72523,15
724,English,50,male,65297.51751,51
725,English,166,male,65297.51751,0
726,English,54,male,65297.51751,15
727,English,212,female,42330.11754,27
728,English,61,male,65297.51751,24
729,English,396,male,65297.51751,12
730,English,389,female,46194.72523,15
731,English,221,female,3485.084218,12
732,English,248,female,6001.400814,15
733,English,196,male,65297.51751,24
734,English,187,male,65297.51751,18
735,English,330,male,65297.51751,24
736,English,365,male,42330.11754,15
737,English,156,male,65297.51751,30
738,English,190,female,78660.95646,12
739,English,380,female,6001.400814,21
740,English,239,female,42330.11754,18
741,English,64,female,42330.11754,24
742,English,173,female,42330.11754,21
743,English,387,male,65297.51751,0
744,English,448,male,55060.3261,18
745,English,169,male,65297.51751,18
746,English,370,female,42330.11754,45
747,English,183,female,65297.51751,27
748,English,194,male,65297.51751,21
749,English,178,male,65297.51751,0
750,English,282,female,65297.51751,18
751,English,18,female,42330.11754,21
752,English,360,male,42330.11754,24
753,English,414,female,6001.400814,15
754,English,346,male,42330.11754,18
755,English,148,male,42330.11754,39
756,English,105,male,65297.51751,39
757,English,356,female,65297.51751,33
758,English,83,male,42330.11754,27
759,English,355,female,3485.084218,12
760,English,157,male,65297.51751,0
761,English,425,male,42330.11754,33
762,English,77,male,46194.72523,15
763,English,122,female,65297.51751,18
764,English,11,male,46194.72523,30
765,English,154,male,55060.3261,18
766,English,256,female,46194.72523,18
767,English,34,male,65297.51751,33
768,English,284,female,65297.51751,24
769,English,181,male,65297.51751,18
770,English,383,male,6001.400814,15
771,English,128,male,65297.51751,27
772,English,116,male,65297.51751,15
773,English,103,male,42330.11754,18
774,English,172,female,6001.400814,18
775,English,390,female,55060.3261,24
776,English,58,female,65297.51751,18
777,English,424,male,42330.11754,21
778,English,237,female,42084.35337,30
779,English,203,male,42330.11754,0
780,English,201,female,3485.084218,9
781,English,159,female,42330.11754,27
782,English,176,female,42330.11754,30
783,English,56,female,42330.11754,15
784,English,308,male,42330.11754,21
785,English,96,male,42330.11754,15
786,English,191,male,55060.3261,30
787,English,67,female,42330.11754,18
788,English,211,male,46194.72523,24
789,English,3,male,65297.51751,21
790,English,266,female,42330.11754,27
791,English,133,male,46194.72523,27
792,English,361,male,42330.11754,21
793,English,255,female,65297.51751,66
794,English,88,female,65297.51751,18
795,English,151,male,65297.51751,21
796,English,427,male,42330.11754,15
797,English,134,female,6001.400814,36
798,English,98,female,6001.400814,15
799,English,320,male,42330.11754,21
800,English,372,male,42330.11754,21
801,English,32,female,78660.95646,24
802,English,186,female,65297.51751,24
803,English,359,female,42084.35337,24
804,English,108,male,65297.51751,21
805,English,331,male,65297.51751,24
806,English,409,male,55060.3261,24
807,English,422,female,65297.51751,30
808,English,106,male,65297.51751,21
809,English,179,male,65297.51751,12
810,English,222,female,6001.400814,0
811,English,444,female,46194.72523,0
812,English,283,female,6001.400814,12
813,English,168,male,6001.400814,9
814,English,27,female,42330.11754,36
815,English,47,male,42330.11754,15
816,English,292,female,65297.51751,21
817,English,43,male,65297.51751,24
818,English,305,female,65297.51751,18
819,English,10,female,65297.51751,21
820,English,45,male,65297.51751,12
821,English,420,female,6001.400814,18
822,English,143,female,42330.11754,15
823,English,51,female,6001.400814,15
824,English,20,male,65297.51751,36
825,English,71,male,65297.51751,0
826,English,230,male,46194.72523,21
827,English,281,female,42330.11754,27
828,English,85,female,42330.11754,27
829,English,307,male,65297.51751,12
830,English,174,male,65297.51751,24
831,English,351,male,65297.51751,21
832,English,345,female,3485.084218,21
833,English,299,female,42330.11754,21
834,English,114,female,65297.51751,0
835,English,339,female,6001.400814,12
836,English,241,female,42330.11754,15
837,English,277,female,65297.51751,39
838,English,290,male,42330.11754,18
839,English,350,female,65297.51751,21
840,English,262,female,65297.51751,21
841,English,246,female,6001.400814,15
842,English,329,female,42330.11754,51
843,English,123,male,78660.95646,15
844,English,293,female,46194.72523,21
845,English,69,female,65297.51751,18
846,English,374,female,42330.11754,24
847,English,1,female,42330.11754,36
848,English,48,female,65297.51751,42
849,English,416,female,65297.51751,36
850,English,377,female,65297.51751,21
851,English,70,male,46194.72523,24
852,English,60,male,42330.11754,21
853,English,225,male,65297.51751,33
854,English,99,male,42330.11754,21
855,English,434,female,65297.51751,24
856,English,86,female,65297.51751,30
857,English,309,male,65297.51751,21
858,English,182,female,6001.400814,9
859,English,37,male,42084.35337,15
860,English,44,male,65297.51751,9
861,English,68,male,42330.11754,21
862,English,347,male,65297.51751,18
863,English,326,male,65297.51751,15
864,English,126,male,42330.11754,15
865,English,344,male,42330.11754,15
866,English,92,female,42330.11754,39
867,English,207,male,6001.400814,15
868,English,21,male,65297.51751,21
869,English,303,female,65297.51751,18
870,English,130,female,65297.51751,24
871,English,162,female,65297.51751,21
872,English,443,male,42330.11754,9
873,English,147,female,42330.11754,39
874,English,234,female,42330.11754,0
875,English,382,female,42330.11754,27
876,English,161,female,42330.11754,24
877,English,311,male,65297.51751,15
878,English,139,female,65297.51751,15
879,English,107,male,6001.400814,15
880,English,89,female,42330.11754,54
881,English,127,male,65297.51751,0
882,English,6,female,42330.11754,24
883,English,113,male,65297.51751,39
884,English,386,female,42330.11754,21
885,English,437,male,46194.72523,21
886,English,343,male,65297.51751,27
887,English,142,male,65297.51751,18
888,English,81,female,6001.400814,15
889,English,259,female,78660.95646,18
890,English,29,female,65297.51751,15
891,English,109,female,42330.11754,15
892,English,204,male,78660.95646,18
893,English,209,female,6001.400814,21
894,English,144,male,42330.11754,18
895,English,232,male,65297.51751,21
896,English,325,male,55060.3261,30
897,English,195,male,65297.51751,12
898,English,165,female,65297.51751,15
899,English,439,female,65297.51751,18
900,English,49,female,6001.400814,24
901,English,125,female,65297.51751,30
902,English,8,female,65297.51751,21
903,English,384,female,65297.51751,18
904,English,240,male,65297.51751,9
905,English,200,male,65297.51751,24
906,English,228,male,42330.11754,0
907,English,57,female,42330.11754,21
908,English,101,male,65297.51751,15
909,English,7,male,65297.51751,24
910,English,354,female,42330.11754,39
911,English,206,female,65297.51751,21
912,English,135,male,55060.3261,9
913,English,258,female,42330.11754,21
914,English,335,female,65297.51751,15
915,English,140,female,65297.51751,30
916,English,353,female,65297.51751,30
917,English,404,female,42330.11754,33
918,English,223,female,65297.51751,33
919,English,158,female,65297.51751,9
920,English,324,female,46194.72523,18
921,English,243,male,65297.51751,21
922,English,33,male,52331.31673,15
923,English,72,female,46194.72523,27
924,English,22,female,42084.35337,18
925,English,214,male,78660.95646,18
926,English,216,female,65297.51751,21
927,English,82,male,42330.11754,21
928,English,189,female,42330.11754,24
929,English,65,male,46194.72523,30
930,English,235,female,46194.72523,24
931,English,163,female,55060.3261,21
932,English,84,male,42330.11754,18
933,English,167,male,42330.11754,24
934,English,63,male,6001.400814,0
935,English,46,female,65297.51751,24
936,English,447,male,65297.51751,24
937,English,242,male,42330.11754,15
938,English,272,female,42330.11754,33
939,English,433,male,55060.3261,15
940,English,74,female,65297.51751,18
941,English,349,female,6001.400814,15
942,English,436,male,42330.11754,39
943,English,2,male,65297.51751,15
944,English,271,male,42330.11754,15
945,English,407,male,65297.51751,12
946,English,340,male,65297.51751,24
947,English,5,male,42330.11754,27
948,English,175,female,42330.11754,27
949,English,315,female,46194.72523,18
950,English,213,male,42330.11754,21
951,English,269,male,42330.11754,21
952,English,257,female,6001.400814,12
953,English,155,male,65297.51751,15
954,English,312,female,65297.51751,33
955,English,428,female,46194.72523,21
956,English,16,male,65297.51751,33
957,English,276,female,42330.11754,36
958,English,115,male,65297.51751,27
959,English,423,female,42330.11754,15
960,English,352,male,65297.51751,21
961,English,79,female,6001.400814,9
962,English,306,female,55060.3261,24
963,English,395,male,6001.400814,12
964,English,93,male,42330.11754,18
965,English,445,female,6001.400814,9
966,English,208,female,65297.51751,18
967,English,430,female,65297.51751,21
968,English,39,female,65297.51751,33
969,English,260,female,65297.51751,33
970,English,419,male,16054.5,15
971,English,332,female,42330.11754,15
972,English,289,male,65297.51751,18
973,English,41,male,42084.35337,21
974,English,17,male,42330.11754,24
975,English,202,female,65297.51751,15
976,English,317,male,55060.3261,15
977,Polish,9,female,15692.50703,30
978,Polish,2,female,15692.50703,27
979,Polish,11,female,15692.50703,21
980,Polish,8,male,15692.50703,12
981,Polish,3,male,15692.50703,18
982,Polish,7,female,15692.50703,39
983,Polish,6,female,15692.50703,15
984,Polish,5,female,15692.50703,21
985,Polish,1,male,15692.50703,21
986,Polish,10,female,15692.50703,30
987,Polish,4,male,15692.50703,18
988,Arabic,18,male,3019.205829,15
989,Arabic,94,female,3204.095003,12
990,Arabic,73,male,2032.6,9
991,Arabic,83,female,3019.205829,12
992,Arabic,23,female,2032.6,15
993,Arabic,24,male,4405.488412,15
994,Arabic,89,male,3019.205829,6
995,Arabic,11,male,3019.205829,15
996,Arabic,80,female,3019.205829,15
997,Arabic,34,male,3019.205829,9
998,Arabic,90,male,3019.205829,9
999,Arabic,103,female,3019.205829,9
1000,Arabic,76,female,3019.205829,12
1001,Arabic,40,male,3204.095003,9
1002,Arabic,6,female,3019.205829,9
1003,Arabic,58,female,3019.205829,9
1004,Arabic,13,female,3019.205829,15
1005,Arabic,95,female,7583.694722,30
1006,Arabic,29,male,2032.6,15
1007,Arabic,12,female,2032.6,15
1008,Arabic,53,male,3019.205829,12
1009,Arabic,35,female,3019.205829,0
1010,Arabic,56,male,3019.205829,12
1011,Arabic,96,male,3562.330943,24
1012,Arabic,36,male,3019.205829,12
1013,Arabic,66,female,2032.6,12
1014,Arabic,67,female,3204.095003,9
1015,Arabic,49,female,43103.32306,24
1016,Arabic,100,female,3019.205829,12
1017,Arabic,8,female,2032.6,18
1018,Arabic,3,female,2032.6,18
1019,Arabic,38,male,3019.205829,9
1020,Arabic,57,male,3019.205829,15
1021,Arabic,101,female,3204.095003,12
1022,Arabic,88,male,3019.205829,15
1023,Arabic,15,male,3019.205829,12
1024,Arabic,98,female,3019.205829,15
1025,Arabic,32,male,3019.205829,6
1026,Arabic,26,male,3019.205829,12
1027,Arabic,62,female,3019.205829,15
1028,Arabic,31,male,3204.095003,12
1029,Arabic,27,male,1284.702041,6
1030,Arabic,47,female,4405.488412,30
1031,Arabic,43,male,3019.205829,15
1032,Arabic,33,male,3019.205829,30
1033,Arabic,10,male,3019.205829,15
1034,Arabic,45,female,3019.205829,12
1035,Arabic,72,male,3019.205829,12
1036,Arabic,22,female,3019.205829,12
1037,Arabic,91,male,3019.205829,9
1038,Arabic,51,female,65297.51751,18
1039,Arabic,20,male,3204.095003,18
1040,Arabic,71,male,3204.095003,9
1041,Arabic,82,male,3019.205829,12
1042,Arabic,65,male,3019.205829,9
1043,Arabic,78,female,3019.205829,9
1044,Arabic,84,male,3019.205829,6
1045,Arabic,85,male,3317.453593,21
1046,Arabic,63,female,3019.205829,9
1047,Arabic,14,male,774.3344898,12
1048,Arabic,46,male,3019.205829,9
1049,Arabic,74,female,3019.205829,15
1050,Arabic,30,female,2032.6,18
1051,Arabic,59,male,3019.205829,9
1052,Arabic,75,female,3019.205829,12
1053,Arabic,28,male,3204.095003,15
1054,Arabic,42,male,3019.205829,15
1055,Arabic,2,male,3019.205829,9
1056,Arabic,69,female,3019.205829,15
1057,Arabic,5,male,3204.095003,15
1058,Arabic,1,male,9126.561346,18
1059,Arabic,48,female,7583.694722,18
1060,Arabic,52,female,3973.964072,9
1061,Arabic,4,female,3019.205829,9
1062,Arabic,50,female,2032.6,0
1063,Arabic,54,male,3019.205829,21
1064,Arabic,70,female,3019.205829,15
1065,Arabic,60,female,2032.6,12
1066,Arabic,61,male,3019.205829,6
1067,Arabic,16,female,3019.205829,15
1068,Arabic,99,male,3019.205829,12
1069,Arabic,87,female,7583.694722,18
1070,Arabic,86,male,3019.205829,0
1071,Arabic,102,male,4405.488412,15
1072,Arabic,79,male,3019.205829,15
1073,Arabic,55,male,23139.79866,18
1074,Arabic,97,female,3019.205829,15
1075,Arabic,25,male,3019.205829,9
1076,Arabic,39,male,3019.205829,9
1077,Arabic,37,male,2032.6,18
1078,Arabic,44,male,4405.488412,15
1079,Arabic,68,female,3019.205829,18
1080,Arabic,64,male,3019.205829,15
1081,Arabic,41,female,2032.6,15
1082,Arabic,92,male,65297.51751,9
1083,Turkish,21,female,9126.561346,21
1084,Turkish,35,female,9126.561346,12
1085,Turkish,18,female,9126.561346,24
1086,Turkish,28,female,9126.561346,18
1087,Turkish,2,female,9126.561346,0
1088,Turkish,23,male,9126.561346,18
1089,Turkish,5,male,9126.561346,12
1090,Turkish,24,female,9126.561346,9
1091,Turkish,1,male,9126.561346,12
1092,Turkish,36,male,9126.561346,30
1093,Turkish,4,female,9126.561346,21
1094,Turkish,26,male,9126.561346,15
1095,Turkish,31,male,9126.561346,15
1096,Turkish,27,male,9126.561346,12
1097,Turkish,16,male,9126.561346,27
1098,Turkish,11,male,9126.561346,15
1099,Turkish,8,female,9126.561346,24
1100,Turkish,3,female,9126.561346,15
1101,Turkish,19,male,9126.561346,15
1102,Turkish,33,female,9126.561346,12
1103,Turkish,10,female,9126.561346,18
1104,Turkish,22,female,9126.561346,12
1105,Turkish,34,female,9126.561346,15
1106,Turkish,20,male,9126.561346,12
1107,Turkish,7,male,9126.561346,24
1108,Turkish,6,male,9126.561346,9
1109,Turkish,15,male,9126.561346,24
1110,Turkish,25,female,9126.561346,27
1111,Turkish,37,male,9126.561346,24
1112,Turkish,9,male,9126.561346,15
1113,Turkish,14,female,9126.561346,21
1114,Turkish,13,male,9126.561346,33
1115,Turkish,32,female,40493.92857,12
1116,Turkish,17,female,9126.561346,33
1117,Turkish,12,male,9126.561346,18
1118,Turkish,30,male,9126.561346,12
1119,Vietnamese,18,female,2715.276036,12
1120,Vietnamese,2,female,2715.276036,12
1121,Vietnamese,5,female,2715.276036,12
1122,Vietnamese,1,male,2715.276036,6
1123,Vietnamese,4,female,2715.276036,12
1124,Vietnamese,16,female,65297.51751,12
1125,Vietnamese,11,female,65297.51751,12
1126,Vietnamese,8,female,2715.276036,9
1127,Vietnamese,3,female,2715.276036,12
1128,Vietnamese,19,female,2715.276036,6
1129,Vietnamese,10,female,2715.276036,12
1130,Vietnamese,20,female,2715.276036,15
1131,Vietnamese,7,female,2715.276036,9
1132,Vietnamese,6,female,2715.276036,12
1133,Vietnamese,15,female,2715.276036,12
1134,Vietnamese,9,male,65297.51751,9
1135,Vietnamese,14,female,2715.276036,15
1136,Vietnamese,13,female,2715.276036,12
1137,Vietnamese,17,female,2715.276036,9
1138,Vietnamese,12,male,2715.276036,9
1139,Chinese,21,female,55060.3261,24
1140,Chinese,18,female,10261.67925,18
1141,Chinese,94,female,10261.67925,0
1142,Chinese,130,female,10261.67925,18
1143,Chinese,105,male,10261.67925,9
1144,Chinese,73,female,10261.7,24
1145,Chinese,73,female,10261.7,24
1146,Chinese,83,female,10261.67925,15
1147,Chinese,23,male,10261.67925,18
1148,Chinese,24,female,10261.67925,27
1149,Chinese,77,female,10261.67925,18
1150,Chinese,122,female,10261.7,24
1151,Chinese,122,female,10261.7,24
1152,Chinese,107,male,10261.67925,12
1153,Chinese,124,female,10261.67925,21
1154,Chinese,89,female,10261.67925,15
1155,Chinese,11,male,10261.67925,21
1156,Chinese,80,male,10261.67925,24
1157,Chinese,127,male,10261.67925,18
1158,Chinese,34,female,10261.67925,21
1159,Chinese,129,female,10261.67925,24
1160,Chinese,90,female,11414.20698,15
1161,Chinese,128,female,10261.67925,24
1162,Chinese,120,male,10261.67925,12
1163,Chinese,116,female,10261.67925,15
1164,Chinese,103,female,10261.67925,51
1165,Chinese,76,female,10261.67925,18
1166,Chinese,118,female,10261.67925,15
1167,Chinese,113,female,10261.67925,15
1168,Chinese,6,female,10261.67925,0
1169,Chinese,58,female,10261.7,21
1170,Chinese,58,female,10261.7,21
1171,Chinese,110,female,10261.7,18
1172,Chinese,110,female,10261.7,18
1173,Chinese,112,female,10261.67925,18
1174,Chinese,81,female,10261.67925,9
1175,Chinese,13,male,10261.67925,0
1176,Chinese,95,female,10261.7,18
1177,Chinese,95,female,10261.7,18
1178,Chinese,29,female,10261.67925,21
1179,Chinese,12,female,10261.7,27
1180,Chinese,12,female,10261.7,27
1181,Chinese,109,male,10261.67925,18
1182,Chinese,53,female,10261.67925,15
1183,Chinese,35,female,65297.51751,15
1184,Chinese,56,male,10261.67925,15
1185,Chinese,96,female,10261.67925,15
1186,Chinese,36,female,10261.67925,18
1187,Chinese,66,female,10261.67925,12
1188,Chinese,67,female,10261.7,18
1189,Chinese,67,female,10261.7,18
1190,Chinese,49,male,65297.51751,21
1191,Chinese,100,female,10261.7,15
1192,Chinese,100,female,10261.7,15
1193,Chinese,125,female,10261.67925,30
1194,Chinese,3,female,10261.67925,21
1195,Chinese,8,male,10261.67925,60
1196,Chinese,133,female,65297.51751,36
1197,Chinese,38,female,10261.67925,21
1198,Chinese,57,female,10261.67925,21
1199,Chinese,101,female,10261.7,18
1200,Chinese,101,female,10261.7,18
1201,Chinese,88,female,10261.67925,24
1202,Chinese,134,female,10261.67925,18
1203,Chinese,7,female,10261.67925,21
1204,Chinese,15,female,10261.67925,0
1205,Chinese,9,female,10261.67925,18
1206,Chinese,32,female,65297.51751,24
1207,Chinese,135,male,10261.7,21
1208,Chinese,135,male,10261.7,21
1209,Chinese,108,female,10261.7,21
1210,Chinese,108,female,10261.7,21
1211,Chinese,104,female,10261.67925,18
1212,Chinese,106,female,10261.67925,9
1213,Chinese,26,female,10261.67925,18
1214,Chinese,62,female,46194.72523,0
1215,Chinese,31,male,10261.7,33
1216,Chinese,31,male,10261.7,33
1217,Chinese,27,female,10261.67925,21
1218,Chinese,111,female,10261.67925,9
1219,Chinese,43,female,10261.67925,12
1220,Chinese,19,female,10261.67925,21
1221,Chinese,33,female,10261.67925,21
1222,Chinese,10,male,10261.67925,0
1223,Chinese,45,female,10261.67925,24
1224,Chinese,72,female,10261.67925,15
1225,Chinese,22,female,10261.67925,15
1226,Chinese,131,female,10261.67925,39
1227,Chinese,91,female,10261.67925,15
1228,Chinese,51,female,65297.51751,27
1229,Chinese,20,female,10261.67925,24
1230,Chinese,71,female,10261.67925,15
1231,Chinese,82,female,10261.67925,27
1232,Chinese,65,male,10261.67925,21
1233,Chinese,119,male,10261.7,18
1234,Chinese,119,male,10261.7,18
1235,Chinese,85,female,10261.67925,21
1236,Chinese,84,male,10261.67925,15
1237,Chinese,63,female,10261.67925,21
1238,Chinese,14,female,10261.7,42
1239,Chinese,14,female,10261.7,42
1240,Chinese,46,female,10261.7,24
1241,Chinese,46,female,10261.7,24
1242,Chinese,114,female,10261.67925,99
1243,Chinese,74,male,10261.67925,15
1244,Chinese,30,female,10261.67925,18
1245,Chinese,75,female,10261.67925,21
1246,Chinese,28,female,10261.67925,27
1247,Chinese,42,female,10261.67925,27
1248,Chinese,123,female,10261.7,18
1249,Chinese,123,female,10261.7,18
1250,Chinese,2,male,10261.67925,30
1251,Chinese,69,male,10261.67925,21
1252,Chinese,5,female,10261.67925,15
1253,Chinese,1,male,10261.7,18
1254,Chinese,1,male,10261.7,18
1255,Chinese,48,female,55060.3261,42
1256,Chinese,4,female,10261.67925,18
1257,Chinese,50,female,10261.7,18
1258,Chinese,50,female,10261.7,18
1259,Chinese,54,female,10261.7,33
1260,Chinese,54,female,10261.7,33
1261,Chinese,70,female,10261.67925,15
1262,Chinese,60,female,10261.7,21
1263,Chinese,60,female,10261.7,21
1264,Chinese,61,female,65297.51751,18
1265,Chinese,16,female,10261.67925,27
1266,Chinese,99,female,10261.67925,15
1267,Chinese,87,male,10261.67925,18
1268,Chinese,115,female,10261.67925,30
1269,Chinese,86,female,10261.67925,18
1270,Chinese,102,male,10261.7,27
1271,Chinese,102,male,10261.7,27
1272,Chinese,79,female,10261.67925,30
1273,Chinese,55,female,10261.7,24
1274,Chinese,55,female,10261.7,24
1275,Chinese,97,female,10261.67925,24
1276,Chinese,117,male,65297.51751,12
1277,Chinese,93,male,10261.67925,15
1278,Chinese,25,female,10261.67925,36
1279,Chinese,39,female,10261.7,18
1280,Chinese,39,female,10261.7,18
1281,Chinese,37,female,10261.67925,36
1282,Chinese,44,female,10261.67925,24
1283,Chinese,68,male,10261.67925,36
1284,Chinese,126,female,10261.67925,30
1285,Chinese,64,male,10261.67925,0
1286,Chinese,41,female,10261.67925,24
1287,Chinese,17,female,10261.67925,15
1288,Chinese,92,male,10261.67925,15
1289,Japanese,21,male,40246.88013,12
1290,Japanese,35,female,40246.88013,36
1291,Japanese,18,male,40246.88013,39
1292,Japanese,28,female,9946.033829,0
1293,Japanese,56,female,40246.88013,30
1294,Japanese,42,female,40246.88013,33
1295,Japanese,2,female,40246.88013,27
1296,Japanese,23,female,40246.88013,21
1297,Japanese,5,female,40246.88013,21
1298,Japanese,24,female,40246.88013,54
1299,Japanese,48,female,40246.88013,15
1300,Japanese,1,female,40246.88013,18
1301,Japanese,52,female,40246.88013,39
1302,Japanese,4,female,40246.88013,33
1303,Japanese,36,female,40246.88013,33
1304,Japanese,50,female,40246.88013,12
1305,Japanese,26,female,40246.88013,18
1306,Japanese,54,female,65297.51751,27
1307,Japanese,49,female,40246.88013,30
1308,Japanese,31,female,40246.88013,39
1309,Japanese,27,male,40246.88013,18
1310,Japanese,16,female,40246.88013,21
1311,Japanese,47,male,40246.88013,18
1312,Japanese,11,male,40246.88013,18
1313,Japanese,8,female,40246.88013,27
1314,Japanese,3,male,40246.88013,12
1315,Japanese,43,female,8717.186278,12
1316,Japanese,19,male,40246.88013,21
1317,Japanese,33,female,40246.88013,27
1318,Japanese,38,female,40246.88013,24
1319,Japanese,10,female,40246.88013,30
1320,Japanese,45,female,40246.88013,18
1321,Japanese,22,female,40246.88013,18
1322,Japanese,34,male,40246.88013,18
1323,Japanese,55,male,40246.88013,18
1324,Japanese,51,female,40246.88013,18
1325,Japanese,57,female,65297.51751,15
1326,Japanese,20,female,65297.51751,30
1327,Japanese,7,female,40246.88013,18
1328,Japanese,40,female,40246.88013,48
1329,Japanese,6,female,40246.88013,33
1330,Japanese,15,female,40246.88013,24
1331,Japanese,58,female,40246.88013,15
1332,Japanese,25,male,40246.88013,27
1333,Japanese,39,female,40246.88013,18
1334,Japanese,37,female,40246.88013,21
1335,Japanese,44,female,40246.88013,21
1336,Japanese,9,male,40246.88013,24
1337,Japanese,14,female,40246.88013,24
1338,Japanese,32,female,40246.88013,24
1339,Japanese,41,female,40246.88013,18
1340,Japanese,46,female,40246.88013,15
1341,Japanese,29,female,29600.37825,12
1342,Japanese,17,female,40246.88013,21
1343,Japanese,12,female,40246.88013,18
1344,Japanese,53,male,40246.88013,18
1345,Japanese,30,female,40246.88013,24
1346,Spanish,185,female,9912.281809,9
1347,Spanish,431,male,9912.281809,21
1348,Spanish,198,female,29600.37825,15
1349,Spanish,94,male,29600.37825,30
1350,Spanish,224,female,6183.823825,12
1351,Spanish,291,female,29600.37825,27
1352,Spanish,244,female,29600.37825,18
1353,Spanish,304,male,29600.37825,18
1354,Spanish,124,female,9946.033829,18
1355,Spanish,318,male,14896.45387,21
1356,Spanish,341,female,6428.676206,24
1357,Spanish,393,male,9946.033829,12
1358,Spanish,381,female,6428.676206,21
1359,Spanish,160,male,6977.695784,15
1360,Spanish,120,female,65297.51751,24
1361,Spanish,118,female,29600.37825,21
1362,Spanish,534,male,4187.250031,21
1363,Spanish,275,female,16054.5,12
1364,Spanish,459,male,29600.37825,12
1365,Spanish,362,female,29600.37825,21
1366,Spanish,13,female,9946.033829,0
1367,Spanish,145,female,65297.51751,9
1368,Spanish,12,female,29600.37825,24
1369,Spanish,261,female,16054.5,0
1370,Spanish,35,female,9912.281809,12
1371,Spanish,136,female,16054.5,24
1372,Spanish,358,male,6428.676206,9
1373,Spanish,245,male,9946.033829,6
1374,Spanish,366,male,29600.37825,0
1375,Spanish,132,female,6428.676206,12
1376,Spanish,421,female,29600.37825,24
1377,Spanish,502,male,6428.676206,21
1378,Spanish,36,female,16054.5,21
1379,Spanish,197,male,6977.695784,9
1380,Spanish,426,female,9912.281809,24
1381,Spanish,100,female,6977.695784,18
1382,Spanish,171,male,16054.5,15
1383,Spanish,150,male,29600.37825,15
1384,Spanish,484,female,65297.51751,21
1385,Spanish,250,male,29600.37825,18
1386,Spanish,38,male,29600.37825,21
1387,Spanish,517,female,65297.51751,27
1388,Spanish,337,female,29600.37825,12
1389,Spanish,485,female,29600.37825,18
1390,Spanish,512,female,9912.281809,18
1391,Spanish,149,male,6428.676206,9
1392,Spanish,227,male,6428.676206,12
1393,Spanish,219,female,6428.676206,21
1394,Spanish,357,male,29600.37825,9
1395,Spanish,152,female,16054.5,21
1396,Spanish,388,female,29600.37825,18
1397,Spanish,378,female,6428.676206,12
1398,Spanish,438,male,29600.37825,24
1399,Spanish,314,male,29600.37825,12
1400,Spanish,537,female,29600.37825,12
1401,Spanish,527,female,29600.37825,12
1402,Spanish,496,female,16054.5,18
1403,Spanish,254,male,29600.37825,21
1404,Spanish,287,female,9912.281809,24
1405,Spanish,449,female,16054.5,15
1406,Spanish,218,male,9946.033829,15
1407,Spanish,440,female,16054.5,9
1408,Spanish,363,male,9946.033829,24
1409,Spanish,298,female,6977.695784,24
1410,Spanish,294,male,6428.676206,15
1411,Spanish,505,male,8821.818891,15
1412,Spanish,524,male,29600.37825,21
1413,Spanish,111,female,29600.37825,21
1414,Spanish,286,female,29600.37825,24
1415,Spanish,91,female,6977.695784,9
1416,Spanish,323,female,16054.5,12
1417,Spanish,405,female,6428.676206,21
1418,Spanish,441,male,9912.281809,24
1419,Spanish,316,female,29600.37825,21
1420,Spanish,188,female,4619.985258,9
1421,Spanish,119,female,29600.37825,15
1422,Spanish,229,female,9946.033829,15
1423,Spanish,472,male,6977.695784,24
1424,Spanish,137,female,29600.37825,18
1425,Spanish,468,female,29600.37825,12
1426,Spanish,14,female,29600.37825,24
1427,Spanish,264,male,65297.51751,72
1428,Spanish,435,female,14896.45387,12
1429,Spanish,30,female,16054.5,9
1430,Spanish,432,female,29600.37825,15
1431,Spanish,402,female,9946.033829,24
1432,Spanish,487,male,33228.23668,12
1433,Spanish,408,male,4619.985258,6
1434,Spanish,327,male,29600.37825,21
1435,Spanish,210,male,16054.5,15
1436,Spanish,279,male,6428.676206,9
1437,Spanish,400,male,6428.676206,9
1438,Spanish,288,female,6428.676206,15
1439,Spanish,295,female,6428.676206,0
1440,Spanish,52,female,16054.5,9
1441,Spanish,4,male,9946.033829,15
1442,Spanish,376,female,6428.676206,12
1443,Spanish,478,male,65297.51751,6
1444,Spanish,300,male,29600.37825,27
1445,Spanish,321,female,6428.676206,12
1446,Spanish,446,female,29600.37825,45
1447,Spanish,87,female,29600.37825,18
1448,Spanish,406,female,16054.5,12
1449,Spanish,401,female,9946.033829,15
1450,Spanish,102,female,29600.37825,15
1451,Spanish,488,male,6428.676206,15
1452,Spanish,296,female,29600.37825,15
1453,Spanish,55,male,16054.5,15
1454,Spanish,180,male,9946.033829,12
1455,Spanish,117,female,29600.37825,21
1456,Spanish,97,male,16054.5,6
1457,Spanish,429,female,29600.37825,24
1458,Spanish,270,male,29600.37825,21
1459,Spanish,379,male,29600.37825,15
1460,Spanish,371,female,9946.033829,6
1461,Spanish,25,male,9946.033829,21
1462,Spanish,531,female,29600.37825,18
1463,Spanish,199,male,9946.033829,15
1464,Spanish,526,female,9946.033829,0
1465,Spanish,489,female,29600.37825,15
1466,Spanish,313,female,29600.37825,15
1467,Spanish,348,male,9946.033829,6
1468,Spanish,522,female,9946.033829,12
1469,Spanish,540,female,29600.37825,15
1470,Spanish,121,female,9912.281809,24
1471,Spanish,192,male,9946.033829,9
1472,Spanish,367,male,6428.676206,9
1473,Spanish,23,female,6428.676206,21
1474,Spanish,322,male,16054.5,12
1475,Spanish,24,female,16054.5,18
1476,Spanish,452,male,6428.676206,12
1477,Spanish,394,male,6428.676206,9
1478,Spanish,532,female,16054.5,12
1479,Spanish,364,female,8821.818891,21
1480,Spanish,170,male,6183.823825,9
1481,Spanish,80,female,6428.676206,0
1482,Spanish,403,female,29600.37825,36
1483,Spanish,285,female,29600.37825,21
1484,Spanish,267,male,4619.985258,15
1485,Spanish,177,female,4187.250031,15
1486,Spanish,253,male,4619.985258,18
1487,Spanish,129,female,29600.37825,18
1488,Spanish,90,female,9946.033829,18
1489,Spanish,76,female,9946.033829,18
1490,Spanish,40,female,9946.033829,21
1491,Spanish,193,female,9912.281809,9
1492,Spanish,226,male,16054.5,12
1493,Spanish,110,male,9946.033829,15
1494,Spanish,164,female,16054.5,9
1495,Spanish,233,female,16054.5,9
1496,Spanish,514,male,29600.37825,15
1497,Spanish,112,female,6428.676206,9
1498,Spanish,265,male,9912.281809,30
1499,Spanish,231,female,29600.37825,30
1500,Spanish,319,female,6428.676206,18
1501,Spanish,497,male,9946.033829,21
1502,Spanish,338,male,6428.676206,6
1503,Spanish,543,male,29600.37825,12
1504,Spanish,95,female,29600.37825,15
1505,Spanish,220,female,16054.5,6
1506,Spanish,53,female,6428.676206,12
1507,Spanish,490,male,65297.51751,9
1508,Spanish,493,male,29600.37825,12
1509,Spanish,251,female,9946.033829,6
1510,Spanish,138,female,6977.695784,9
1511,Spanish,385,female,9912.281809,9
1512,Spanish,530,male,9912.281809,12
1513,Spanish,184,female,6977.695784,24
1514,Spanish,334,female,29600.37825,27
1515,Spanish,66,female,6428.676206,30
1516,Spanish,297,female,9912.281809,18
1517,Spanish,417,male,6183.823825,12
1518,Spanish,146,male,16054.5,6
1519,Spanish,418,male,29600.37825,24
1520,Spanish,268,female,9912.281809,18
1521,Spanish,302,female,6428.676206,18
1522,Spanish,153,female,8282.116359,15
1523,Spanish,15,female,29600.37825,36
1524,Spanish,494,male,29600.37825,27
1525,Spanish,9,male,29600.37825,0
1526,Spanish,457,male,29600.37825,27
1527,Spanish,410,male,9946.033829,15
1528,Spanish,481,female,65297.51751,9
1529,Spanish,333,female,16054.5,18
1530,Spanish,509,male,9946.033829,18
1531,Spanish,104,female,29600.37825,30
1532,Spanish,495,male,29600.37825,12
1533,Spanish,141,female,16054.5,9
1534,Spanish,215,female,6428.676206,18
1535,Spanish,398,male,29600.37825,18
1536,Spanish,413,female,15731.01603,9
1537,Spanish,501,female,6428.676206,15
1538,Spanish,205,female,16054.5,9
1539,Spanish,26,female,16054.5,9
1540,Spanish,62,female,9946.033829,15
1541,Spanish,373,female,16054.5,9
1542,Spanish,31,male,29600.37825,30
1543,Spanish,336,female,6428.676206,9
1544,Spanish,411,male,29600.37825,15
1545,Spanish,217,female,9946.033829,9
1546,Spanish,415,male,6428.676206,12
1547,Spanish,19,female,6428.676206,15
1548,Spanish,516,female,29600.37825,15
1549,Spanish,131,female,6428.676206,21
1550,Spanish,538,female,65297.51751,12
1551,Spanish,399,female,6428.676206,33
1552,Spanish,368,female,65297.51751,15
1553,Spanish,273,male,6428.676206,9
1554,Spanish,412,female,6428.676206,24
1555,Spanish,236,female,29600.37825,30
1556,Spanish,78,male,29600.37825,0
1557,Spanish,263,female,16054.5,9
1558,Spanish,249,female,9946.033829,27
1559,Spanish,392,male,29600.37825,21
1560,Spanish,544,male,29600.37825,21
1561,Spanish,342,female,9912.281809,15
1562,Spanish,442,male,6428.676206,15
1563,Spanish,59,male,16054.5,21
1564,Spanish,519,female,14896.45387,24
1565,Spanish,75,female,29600.37825,18
1566,Spanish,28,male,9946.033829,15
1567,Spanish,42,male,6428.676206,18
1568,Spanish,274,male,29600.37825,12
1569,Spanish,535,female,29600.37825,24
1570,Spanish,397,male,29600.37825,12
1571,Spanish,301,female,9946.033829,24
1572,Spanish,310,male,6977.695784,9
1573,Spanish,280,male,29600.37825,18
1574,Spanish,328,female,29600.37825,18
1575,Spanish,50,female,9946.033829,27
1576,Spanish,166,male,29600.37825,15
1577,Spanish,54,female,9946.033829,15
1578,Spanish,212,female,12243.81143,21
1579,Spanish,61,male,6977.695784,12
1580,Spanish,396,male,29600.37825,21
1581,Spanish,389,female,9946.033829,24
1582,Spanish,221,female,14896.45387,0
1583,Spanish,248,male,29600.37825,12
1584,Spanish,492,female,29600.37825,27
1585,Spanish,196,female,16054.5,9
1586,Spanish,187,male,9912.281809,21
1587,Spanish,330,male,9912.281809,21
1588,Spanish,365,female,9912.281809,12
1589,Spanish,156,female,29600.37825,21
1590,Spanish,190,female,8282.116359,15
1591,Spanish,511,female,29600.37825,30
1592,Spanish,380,female,9912.281809,24
1593,Spanish,239,female,9912.281809,21
1594,Spanish,64,female,6428.676206,21
1595,Spanish,173,female,9946.033829,15
1596,Spanish,387,male,29600.37825,9
1597,Spanish,448,male,6428.676206,15
1598,Spanish,169,male,6428.676206,12
1599,Spanish,370,female,16054.5,12
1600,Spanish,183,male,9946.033829,12
1601,Spanish,194,female,29600.37825,36
1602,Spanish,178,male,29600.37825,18
1603,Spanish,282,male,9946.033829,15
1604,Spanish,18,female,9946.033829,15
1605,Spanish,360,male,9912.281809,12
1606,Spanish,414,male,29600.37825,12
1607,Spanish,346,female,29600.37825,21
1608,Spanish,148,female,29600.37825,15
1609,Spanish,105,female,29600.37825,24
1610,Spanish,356,female,29600.37825,21
1611,Spanish,83,male,9946.033829,15
1612,Spanish,355,female,6428.676206,24
1613,Spanish,523,female,6183.823825,0
1614,Spanish,157,male,6428.676206,9
1615,Spanish,513,female,6428.676206,18
1616,Spanish,545,female,29600.37825,15
1617,Spanish,425,female,6428.676206,15
1618,Spanish,77,female,9946.033829,15
1619,Spanish,521,female,6428.676206,0
1620,Spanish,122,male,1912.903745,9
1621,Spanish,11,male,9946.033829,12
1622,Spanish,154,female,9946.033829,24
1623,Spanish,256,male,6977.695784,12
1624,Spanish,34,female,16054.5,12
1625,Spanish,529,female,6428.676206,9
1626,Spanish,284,female,29600.37825,12
1627,Spanish,181,female,29600.37825,18
1628,Spanish,383,female,52331.31673,12
1629,Spanish,128,female,6977.695784,15
1630,Spanish,116,female,29600.37825,15
1631,Spanish,172,female,9946.033829,21
1632,Spanish,390,female,29600.37825,21
1633,Spanish,58,female,6183.823825,0
1634,Spanish,424,male,4187.250031,15
1635,Spanish,546,female,29600.37825,15
1636,Spanish,450,female,6428.676206,15
1637,Spanish,237,male,29600.37825,18
1638,Spanish,203,female,29600.37825,15
1639,Spanish,201,female,29600.37825,9
1640,Spanish,159,female,29600.37825,21
1641,Spanish,176,male,6428.676206,12
1642,Spanish,56,female,9946.033829,18
1643,Spanish,528,female,14896.45387,18
1644,Spanish,308,female,6977.695784,15
1645,Spanish,458,male,16054.5,12
1646,Spanish,96,female,9946.033829,18
1647,Spanish,477,female,9946.033829,21
1648,Spanish,191,male,6428.676206,18
1649,Spanish,67,female,9946.033829,9
1650,Spanish,211,female,29600.37825,15
1651,Spanish,536,female,29600.37825,18
1652,Spanish,463,female,29600.37825,15
1653,Spanish,3,female,2574.912191,12
1654,Spanish,465,female,9946.033829,12
1655,Spanish,266,male,16054.5,9
1656,Spanish,133,male,29600.37825,21
1657,Spanish,361,female,16054.5,9
1658,Spanish,255,female,29600.37825,30
1659,Spanish,88,male,29600.37825,30
1660,Spanish,151,male,16054.5,18
1661,Spanish,427,female,29600.37825,30
1662,Spanish,134,male,9912.281809,27
1663,Spanish,541,female,29600.37825,9
1664,Spanish,453,female,3552.06876,12
1665,Spanish,98,male,9946.033829,9
1666,Spanish,320,female,29600.37825,21
1667,Spanish,372,male,5414.799138,18
1668,Spanish,32,female,29600.37825,21
1669,Spanish,186,female,16054.5,15
1670,Spanish,359,female,9912.281809,12
1671,Spanish,454,female,9912.281809,15
1672,Spanish,108,male,9946.033829,12
1673,Spanish,331,male,16054.5,9
1674,Spanish,409,female,29600.37825,30
1675,Spanish,422,female,65297.51751,21
1676,Spanish,106,male,29600.37825,21
1677,Spanish,179,female,9946.033829,9
1678,Spanish,222,male,8282.116359,12
1679,Spanish,252,female,29600.37825,21
1680,Spanish,444,male,9946.033829,18
1681,Spanish,283,female,9912.281809,21
1682,Spanish,168,female,9946.033829,15
1683,Spanish,483,female,16054.5,9
1684,Spanish,278,female,29600.37825,12
1685,Spanish,27,female,6977.695784,15
1686,Spanish,47,female,6977.695784,15
1687,Spanish,292,male,4187.250031,30
1688,Spanish,451,female,29600.37825,21
1689,Spanish,43,female,29600.37825,21
1690,Spanish,305,female,16054.5,0
1691,Spanish,10,female,9912.281809,15
1692,Spanish,45,female,29600.37825,12
1693,Spanish,518,male,29600.37825,30
1694,Spanish,420,male,12243.81143,12
1695,Spanish,143,female,29600.37825,24
1696,Spanish,51,female,9912.281809,18
1697,Spanish,20,female,29600.37825,24
1698,Spanish,71,male,29600.37825,27
1699,Spanish,230,male,9946.033829,6
1700,Spanish,281,female,29600.37825,24
1701,Spanish,85,male,6977.695784,18
1702,Spanish,307,female,29600.37825,24
1703,Spanish,174,female,9946.033829,15
1704,Spanish,351,male,9912.281809,39
1705,Spanish,345,female,29600.37825,18
1706,Spanish,299,female,29600.37825,15
1707,Spanish,339,female,6977.695784,15
1708,Spanish,241,male,16054.5,6
1709,Spanish,277,female,29600.37825,18
1710,Spanish,290,female,6977.695784,24
1711,Spanish,350,female,8821.818891,18
1712,Spanish,262,male,29600.37825,15
1713,Spanish,329,female,4187.250031,15
1714,Spanish,480,male,16054.5,9
1715,Spanish,123,female,9946.033829,18
1716,Spanish,293,female,9946.033829,18
1717,Spanish,69,female,16054.5,15
1718,Spanish,374,female,29600.37825,12
1719,Spanish,1,male,14896.45387,15
1720,Spanish,48,female,9946.033829,6
1721,Spanish,416,male,6428.676206,24
1722,Spanish,377,female,12243.81143,21
1723,Spanish,70,male,6428.676206,21
1724,Spanish,225,female,29600.37825,21
1725,Spanish,99,male,9946.033829,24
1726,Spanish,434,female,29600.37825,24
1727,Spanish,86,male,16054.5,6
1728,Spanish,309,female,29600.37825,15
1729,Spanish,182,female,9912.281809,15
1730,Spanish,506,female,29600.37825,15
1731,Spanish,504,female,29600.37825,24
1732,Spanish,37,female,9912.281809,18
1733,Spanish,44,female,9912.281809,15
1734,Spanish,68,female,16054.5,9
1735,Spanish,347,male,16054.5,6
1736,Spanish,326,female,29600.37825,12
1737,Spanish,126,female,9946.033829,15
1738,Spanish,344,male,16054.5,15
1739,Spanish,92,male,9946.033829,9
1740,Spanish,207,female,6428.676206,9
1741,Spanish,21,female,6428.676206,24
1742,Spanish,303,male,29600.37825,27
1743,Spanish,498,female,29600.37825,21
1744,Spanish,130,female,6428.676206,12
1745,Spanish,162,female,29600.37825,18
1746,Spanish,443,female,29600.37825,6
1747,Spanish,147,male,9946.033829,21
1748,Spanish,234,male,16054.5,15
1749,Spanish,382,female,14896.45387,12
1750,Spanish,161,female,8282.116359,12
1751,Spanish,311,female,9946.033829,18
1752,Spanish,139,female,16054.5,21
1753,Spanish,107,male,29600.37825,15
1754,Spanish,89,male,16054.5,9
1755,Spanish,482,female,6183.823825,9
1756,Spanish,127,female,29600.37825,24
1757,Spanish,533,female,9912.281809,18
1758,Spanish,6,female,16054.5,0
1759,Spanish,113,male,6977.695784,0
1760,Spanish,386,female,8717.186278,9
1761,Spanish,437,female,65297.51751,6
1762,Spanish,343,female,29600.37825,15
1763,Spanish,142,female,9946.033829,15
1764,Spanish,81,male,3552.06876,0
1765,Spanish,259,female,6428.676206,9
1766,Spanish,29,female,29600.37825,15
1767,Spanish,109,female,29600.37825,15
1768,Spanish,466,female,6977.695784,15
1769,Spanish,204,female,29600.37825,33
1770,Spanish,209,female,9946.033829,18
1771,Spanish,464,male,29600.37825,21
1772,Spanish,144,female,16054.5,9
1773,Spanish,232,female,14896.45387,15
1774,Spanish,325,female,6428.676206,18
1775,Spanish,195,female,29600.37825,21
1776,Spanish,461,female,65297.51751,12
1777,Spanish,510,male,16054.5,12
1778,Spanish,439,female,29600.37825,18
1779,Spanish,467,male,6428.676206,12
1780,Spanish,165,female,9946.033829,15
1781,Spanish,49,female,6428.676206,9
1782,Spanish,470,male,9946.033829,9
1783,Spanish,125,female,29600.37825,15
1784,Spanish,8,male,6428.676206,15
1785,Spanish,384,female,16190.12696,15
1786,Spanish,240,male,6428.676206,15
1787,Spanish,200,female,6428.676206,21
1788,Spanish,228,male,16054.5,6
1789,Spanish,471,female,8821.818891,0
1790,Spanish,57,female,29600.37825,30
1791,Spanish,101,female,29600.37825,15
1792,Spanish,473,female,29600.37825,24
1793,Spanish,525,female,29600.37825,21
1794,Spanish,7,male,16054.5,12
1795,Spanish,354,female,29600.37825,21
1796,Spanish,507,female,16054.5,15
1797,Spanish,206,male,6428.676206,21
1798,Spanish,469,male,29600.37825,12
1799,Spanish,135,female,16054.5,9
1800,Spanish,258,male,9946.033829,9
1801,Spanish,335,female,29600.37825,0
1802,Spanish,140,female,29600.37825,27
1803,Spanish,353,female,9912.281809,18
1804,Spanish,404,female,12243.81143,18
1805,Spanish,499,male,9946.033829,18
1806,Spanish,223,female,29600.37825,30
1807,Spanish,476,female,9912.281809,15
1808,Spanish,158,female,16054.5,15
1809,Spanish,324,female,9912.281809,15
1810,Spanish,243,male,29600.37825,21
1811,Spanish,33,female,16054.5,0
1812,Spanish,72,female,9912.281809,21
1813,Spanish,22,female,6428.676206,9
1814,Spanish,486,female,29600.37825,15
1815,Spanish,214,female,14896.45387,30
1816,Spanish,539,female,65297.51751,30
1817,Spanish,456,male,29600.37825,21
1818,Spanish,216,female,29600.37825,33
1819,Spanish,479,female,9912.281809,18
1820,Spanish,82,female,6977.695784,15
1821,Spanish,189,female,9946.033829,33
1822,Spanish,65,female,6428.676206,9
1823,Spanish,235,female,29600.37825,18
1824,Spanish,84,male,4619.985258,15
1825,Spanish,542,female,29600.37825,24
1826,Spanish,167,female,16054.5,21
1827,Spanish,63,male,6428.676206,21
1828,Spanish,508,male,29600.37825,12
1829,Spanish,46,female,29600.37825,9
1830,Spanish,447,male,29600.37825,12
1831,Spanish,520,female,9946.033829,0
1832,Spanish,242,male,16054.5,12
1833,Spanish,272,female,6428.676206,21
1834,Spanish,433,female,29600.37825,27
1835,Spanish,74,female,6428.676206,18
1836,Spanish,349,male,6183.823825,18
1837,Spanish,436,male,29600.37825,30
1838,Spanish,2,female,29600.37825,30
1839,Spanish,407,male,29600.37825,0
1840,Spanish,340,female,9912.281809,21
1841,Spanish,5,female,29600.37825,18
1842,Spanish,175,male,12243.81143,9
1843,Spanish,315,female,29600.37825,18
1844,Spanish,213,male,6428.676206,9
1845,Spanish,269,female,9946.033829,15
1846,Spanish,257,female,9912.281809,15
1847,Spanish,155,male,9946.033829,9
1848,Spanish,312,female,29600.37825,21
1849,Spanish,428,male,29600.37825,21
1850,Spanish,16,female,9946.033829,9
1851,Spanish,276,female,6428.676206,6
1852,Spanish,115,female,29600.37825,24
1853,Spanish,423,male,29600.37825,21
1854,Spanish,352,male,29600.37825,0
1855,Spanish,79,female,6977.695784,9
1856,Spanish,306,female,9912.281809,9
1857,Spanish,455,female,9912.281809,15
1858,Spanish,503,female,9912.281809,21
1859,Spanish,395,male,29600.37825,0
1860,Spanish,93,female,29600.37825,36
1861,Spanish,462,female,9912.281809,21
1862,Spanish,445,male,29600.37825,12
1863,Spanish,500,female,6977.695784,12
1864,Spanish,208,female,1912.903745,12
1865,Spanish,430,male,29600.37825,15
1866,Spanish,39,female,6428.676206,24
1867,Spanish,238,male,6428.676206,15
1868,Spanish,475,male,6428.676206,9
1869,Spanish,260,female,29600.37825,21
1870,Spanish,419,male,1912.903745,6
1871,Spanish,332,female,6428.676206,18
1872,Spanish,289,female,16054.5,6
1873,Spanish,41,female,9912.281809,21
1874,Spanish,474,female,14896.45387,0
1875,Spanish,17,male,6428.676206,12
1876,Spanish,202,female,29600.37825,0
1877,Spanish,460,male,12243.81143,30
1878,Spanish,317,male,29600.37825,18
1879,French,21,male,40493.92857,21
1880,French,18,female,3317.453593,0
1881,French,148,male,40493.92857,21
1882,French,94,female,40493.92857,24
1883,French,130,female,65297.51751,18
1884,French,121,male,40493.92857,18
1885,French,105,female,65297.51751,24
1886,French,83,female,40493.92857,0
1887,French,23,male,40493.92857,18
1888,French,162,female,40493.92857,27
1889,French,24,female,40493.92857,18
1890,French,147,female,40493.92857,24
1891,French,77,male,40493.92857,15
1892,French,161,female,40493.92857,27
1893,French,139,male,40493.92857,30
1894,French,107,female,40493.92857,24
1895,French,122,male,580.7168672,9
1896,French,124,male,679.2902491,12
1897,French,89,female,40493.92857,18
1898,French,11,female,40493.92857,39
1899,French,154,female,40493.92857,21
1900,French,127,female,43103.32306,24
1901,French,34,male,40493.92857,30
1902,French,129,female,40493.92857,36
1903,French,90,male,2099.599048,9
1904,French,128,male,40493.92857,30
1905,French,160,female,40493.92857,24
1906,French,120,female,40493.92857,18
1907,French,116,male,40493.92857,33
1908,French,103,male,40493.92857,12
1909,French,76,female,40493.92857,36
1910,French,118,male,40493.92857,21
1911,French,40,male,40493.92857,24
1912,French,113,female,40493.92857,21
1913,French,6,female,40493.92857,18
1914,French,58,male,40493.92857,33
1915,French,110,female,40493.92857,18
1916,French,164,male,40493.92857,45
1917,French,112,female,40493.92857,30
1918,French,142,female,40493.92857,30
1919,French,81,female,40493.92857,30
1920,French,13,male,40493.92857,27
1921,French,95,female,40493.92857,24
1922,French,29,female,40493.92857,30
1923,French,12,female,16054.5,18
1924,French,109,female,40493.92857,39
1925,French,159,female,40493.92857,18
1926,French,53,female,40493.92857,30
1927,French,35,female,40493.92857,24
1928,French,56,female,65297.51751,30
1929,French,136,male,3019.205829,18
1930,French,138,male,40493.92857,30
1931,French,132,female,40493.92857,21
1932,French,96,female,40493.92857,30
1933,French,36,male,40493.92857,18
1934,French,66,female,40493.92857,39
1935,French,67,male,40493.92857,27
1936,French,49,female,40493.92857,21
1937,French,100,female,46194.72523,24
1938,French,146,female,40493.92857,24
1939,French,150,male,81993.72713,21
1940,French,125,female,65297.51751,18
1941,French,3,male,40493.92857,27
1942,French,8,female,40493.92857,21
1943,French,133,female,40493.92857,39
1944,French,38,female,65297.51751,18
1945,French,57,female,40493.92857,51
1946,French,101,male,1272.490925,12
1947,French,88,female,40493.92857,18
1948,French,151,female,46420.66377,33
1949,French,149,female,40493.92857,30
1950,French,134,female,40493.92857,24
1951,French,7,female,40493.92857,24
1952,French,15,male,40493.92857,12
1953,French,152,female,40493.92857,27
1954,French,98,male,40493.92857,27
1955,French,9,female,40493.92857,0
1956,French,32,female,40493.92857,21
1957,French,135,female,40493.92857,60
1958,French,108,female,81993.72713,18
1959,French,104,female,46420.66377,21
1960,French,141,female,40493.92857,30
1961,French,106,male,40493.92857,24
1962,French,140,male,40493.92857,21
1963,French,26,female,40493.92857,36
1964,French,62,male,40493.92857,9
1965,French,31,female,40493.92857,36
1966,French,27,female,40493.92857,18
1967,French,111,male,40493.92857,15
1968,French,47,male,40493.92857,24
1969,French,43,female,40493.92857,15
1970,French,19,female,40493.92857,54
1971,French,158,male,40493.92857,33
1972,French,33,male,40493.92857,0
1973,French,10,female,40493.92857,24
1974,French,45,female,40493.92857,18
1975,French,72,male,40493.92857,18
1976,French,22,female,40493.92857,24
1977,French,131,female,40493.92857,21
1978,French,91,male,81993.72713,24
1979,French,143,male,40493.92857,15
1980,French,51,female,40493.92857,21
1981,French,20,female,40493.92857,18
1982,French,71,female,40493.92857,36
1983,French,82,male,46194.72523,21
1984,French,65,female,65297.51751,21
1985,French,163,male,40493.92857,33
1986,French,78,male,40493.92857,24
1987,French,119,male,33228.23668,21
1988,French,85,male,40493.92857,24
1989,French,84,female,40493.92857,18
1990,French,137,female,46194.72523,45
1991,French,63,female,40493.92857,24
1992,French,14,male,1446.830965,12
1993,French,46,female,40493.92857,15
1994,French,114,female,40493.92857,24
1995,French,74,male,40493.92857,21
1996,French,59,female,40493.92857,27
1997,French,75,male,46194.72523,27
1998,French,28,male,40493.92857,24
1999,French,42,male,40493.92857,0
2000,French,123,male,46420.66377,18
2001,French,2,male,40493.92857,39
2002,French,69,male,40493.92857,24
2003,French,5,female,40493.92857,0
2004,French,1,female,40493.92857,63
2005,French,48,male,40493.92857,24
2006,French,52,female,65297.51751,39
2007,French,4,female,40493.92857,39
2008,French,50,female,40493.92857,39
2009,French,54,male,40493.92857,21
2010,French,70,female,40493.92857,24
2011,French,155,male,46420.66377,21
2012,French,60,female,1272.490925,12
2013,French,61,female,40493.92857,24
2014,French,16,female,40493.92857,27
2015,French,87,male,65297.51751,24
2016,French,115,male,40493.92857,18
2017,French,86,male,40493.92857,33
2018,French,102,male,40493.92857,30
2019,French,79,male,2276.333279,21
2020,French,55,male,3317.453593,15
2021,French,97,female,46194.72523,24
2022,French,117,male,40493.92857,15
2023,French,93,female,65297.51751,24
2024,French,156,female,40493.92857,0
2025,French,25,male,3204.095003,24
2026,French,39,female,46194.72523,36
2027,French,37,female,46420.66377,27
2028,French,44,female,40493.92857,9
2029,French,68,female,40493.92857,21
2030,French,126,male,3204.095003,18
2031,French,64,male,40493.92857,21
2032,French,41,female,40493.92857,21
2033,French,17,male,40493.92857,39
2034,French,92,male,580.7168672,9
2035,Korean,21,female,31846.21823,24
2036,Korean,21,female,31846.21823,24
2037,Korean,35,male,31846.21823,24
2038,Korean,35,male,31846.21823,24
2039,Korean,18,female,31846.21823,36
2040,Korean,18,female,31846.21823,36
2041,Korean,28,female,31846.21823,21
2042,Korean,28,female,31846.21823,21
2043,Korean,42,female,31846.21823,27
2044,Korean,42,female,31846.21823,27
2045,Korean,2,male,31846.21823,24
2046,Korean,2,male,31846.21823,24
2047,Korean,23,female,31846.21823,21
2048,Korean,23,female,31846.21823,21
2049,Korean,5,female,31846.21823,18
2050,Korean,5,female,31846.21823,18
2051,Korean,24,male,31846.21823,24
2052,Korean,24,male,31846.21823,24
2053,Korean,1,female,31846.21823,24
2054,Korean,1,female,31846.21823,24
2055,Korean,36,female,31846.21823,15
2056,Korean,36,female,31846.21823,15
2057,Korean,4,female,31846.21823,30
2058,Korean,4,female,31846.21823,30
2059,Korean,26,female,31846.21823,24
2060,Korean,26,female,31846.21823,24
2061,Korean,31,female,31846.21823,21
2062,Korean,31,female,31846.21823,21
2063,Korean,27,female,31846.21823,24
2064,Korean,27,female,31846.21823,24
2065,Korean,16,female,31846.21823,24
2066,Korean,16,female,31846.21823,24
2067,Korean,47,female,31846.21823,12
2068,Korean,47,female,31846.21823,12
2069,Korean,11,male,31846.21823,18
2070,Korean,11,male,31846.21823,18
2071,Korean,8,female,31846.21823,27
2072,Korean,8,female,31846.21823,27
2073,Korean,3,female,31846.21823,21
2074,Korean,3,female,31846.21823,21
2075,Korean,43,female,31846.21823,24
2076,Korean,43,female,31846.21823,24
2077,Korean,19,male,46194.72523,21
2078,Korean,33,female,65297.51751,33
2079,Korean,38,female,31846.21823,18
2080,Korean,38,female,31846.21823,18
2081,Korean,45,male,31846.21823,15
2082,Korean,45,male,31846.21823,15
2083,Korean,22,female,31846.21823,24
2084,Korean,22,female,31846.21823,24
2085,Korean,34,male,31846.21823,15
2086,Korean,34,male,31846.21823,15
2087,Korean,20,male,31846.21823,24
2088,Korean,20,male,31846.21823,24
2089,Korean,7,male,31846.21823,0
2090,Korean,7,male,31846.21823,0
2091,Korean,40,male,31846.21823,21
2092,Korean,40,male,31846.21823,21
2093,Korean,15,male,31846.21823,24
2094,Korean,15,male,31846.21823,24
2095,Korean,25,female,31846.21823,36
2096,Korean,25,female,31846.21823,36
2097,Korean,39,female,31846.21823,30
2098,Korean,39,female,31846.21823,30
2099,Korean,37,female,65297.51751,18
2100,Korean,44,male,55060.3261,27
2101,Korean,9,female,31846.21823,18
2102,Korean,9,female,31846.21823,18
2103,Korean,14,male,46194.72523,30
2104,Korean,13,female,31846.21823,30
2105,Korean,13,female,31846.21823,30
2106,Korean,32,male,31846.21823,27
2107,Korean,32,male,31846.21823,27
2108,Korean,29,male,31846.21823,15
2109,Korean,29,male,31846.21823,15
2110,Korean,17,female,31846.21823,27
2111,Korean,17,female,31846.21823,27
2112,Korean,12,female,31846.21823,18
2113,Korean,12,female,31846.21823,18
2114,Thai,2,female,7806.742211,0
2115,Thai,1,male,7806.742211,18
2116,Thai,8,female,7806.742211,18
2117,Thai,20,female,65297.51751,24
2118,Thai,12,female,7806.742211,15
2119,German,3,male,50137.66278,39
2120,German,12,female,46445.2491,30
2121,Portuguese,40,male,8717.186278,18
2122,Portuguese,45,male,8717.186278,9
2123,Portuguese,63,male,8717.186278,9
2124,Indonesian,16,female,4135.569263,15
2125,Russian,10,female,11584.99538,9
2126,Russian,28,female,11584.99538,21
2127,English,53,female,42330.11754,18
2128,English,301,female,65297.51751,21
2129,English,252,female,3485.084218,21
2130,English,278,female,65297.51751,18
2131,English,238,male,65297.51751,18
2132,Arabic,21,male,3019.205829,18
2133,Arabic,77,male,3019.205829,12
2134,Arabic,81,male,3204.095003,9
2135,Arabic,7,female,3019.205829,12
2136,Arabic,9,male,3019.205829,0
2137,Arabic,19,male,3019.205829,15
2138,Arabic,93,female,3019.205829,15
2139,Arabic,17,male,2032.6,9
2140,Turkish,29,male,9126.561346,9
2141,Chinese,121,female,10261.7,21
2142,Chinese,121,female,10261.7,21
2143,Chinese,40,female,10261.67925,18
2144,Chinese,132,male,10261.67925,15
2145,Chinese,98,female,10261.67925,15
2146,Chinese,47,female,10261.67925,12
2147,Chinese,78,male,10261.67925,39
2148,Chinese,59,female,10261.67925,24
2149,Chinese,52,female,10261.67925,12
2150,Japanese,13,male,40246.88013,27
2151,Spanish,73,female,16054.5,6
2152,Spanish,369,female,9946.033829,18
2153,Spanish,375,male,9946.033829,24
2154,Spanish,391,male,65297.51751,21
2155,Spanish,247,female,29600.37825,24
2156,Spanish,491,female,8717.186278,15
2157,Spanish,515,female,29600.37825,21
2158,Spanish,103,female,9946.033829,18
2159,Spanish,114,female,9946.033829,30
2160,Spanish,246,male,16054.5,6
2161,Spanish,60,female,4619.985258,9
2162,Spanish,163,male,29600.37825,21
2163,Spanish,271,female,9946.033829,18
2164,French,73,female,40493.92857,45
2165,French,157,female,65297.51751,12
2166,French,80,female,7411.836116,21
2167,French,145,female,40493.92857,36
2168,French,144,female,40493.92857,24
2169,French,153,female,40493.92857,30
2170,French,30,male,40493.92857,24
2171,French,99,female,40493.92857,30
2172,Korean,10,female,31846.21823,45
2173,Korean,10,female,31846.21823,45
2174,Korean,6,female,31846.21823,24
2175,Korean,6,female,31846.21823,24
2176,Korean,41,female,31846.21823,30
2177,Korean,41,female,31846.21823,30
2178,Korean,46,female,31846.21823,21
2179,Korean,46,female,31846.21823,21
2180,Korean,30,female,31846.21823,21
2181,Korean,30,female,31846.21823,21